中转IP,中转端口,回源IP,国家,数据中心,IP类型,网络延迟,等效带宽,峰值速度,峰值速度数值
3.144.191.4,443,3.144.191.4,US,Chicago,中转,33 ms,653 Mbps,83660 kB/s,83660.0
150.136.240.243,443,150.136.240.243,US,Ashburn,中转,61 ms,644 Mbps,82534 kB/s,82534.0
18.216.55.100,443,18.216.55.100,US,Chicago,中转,22 ms,562 Mbps,71987 kB/s,71987.0
35.202.158.120,443,35.202.158.120,US,Chicago,中转,33 ms,532 Mbps,68198 kB/s,68198.0
34.69.150.180,443,34.69.150.180,US,,中转,36 ms,524 Mbps,67072 kB/s,67072.0
3.138.59.154,443,3.130.64.226,US,,隧道,24 ms,483 Mbps,61849 kB/s,61849.0
18.191.122.211,443,3.130.64.226,US,,隧道,22 ms,375 Mbps,48025 kB/s,48025.0
193.122.197.111,443,193.122.197.111,US,Ashburn,中转,11 ms,360 Mbps,46080 kB/s,46080.0
43.153.80.208,443,43.153.80.208,US,San Jose,中转,69 ms,336 Mbps,43110 kB/s,43110.0
129.146.175.160,443,129.146.175.160,US,Los Angeles,中转,60 ms,333 Mbps,42700 kB/s,42700.0
43.153.103.203,443,43.153.103.203,US,San Jose,中转,71 ms,326 Mbps,41779 kB/s,41779.0
158.101.15.48,443,158.101.15.48,US,Los Angeles,中转,65 ms,322 Mbps,41267 kB/s,41267.0
198.23.236.101,443,198.23.236.101,US,San Jose,中转,74 ms,318 Mbps,40755 kB/s,40755.0
184.169.181.217,443,184.169.181.217,US,San Jose,中转,63 ms,315 Mbps,40345 kB/s,40345.0
107.172.98.6,443,2001:470:c:30a::2,US,Los Angeles,隧道,68 ms,312 Mbps,40038 kB/s,40038.0
129.146.133.33,443,129.146.133.33,US,Los Angeles,中转,64 ms,304 Mbps,38912 kB/s,38912.0
192.9.138.241,443,192.9.138.241,US,San Jose,中转,73 ms,299 Mbps,38297 kB/s,38297.0
35.197.23.75,443,34.169.20.76,US,Seattle,隧道,72 ms,299 Mbps,38297 kB/s,38297.0
35.230.79.26,443,34.169.20.76,US,Seattle,隧道,77 ms,284 Mbps,36352 kB/s,36352.0
23.94.43.51,443,23.94.43.51,US,Seattle,中转,75 ms,280 Mbps,35942 kB/s,35942.0
129.146.46.164,443,129.146.46.164,US,Los Angeles,中转,75 ms,272 Mbps,34918 kB/s,34918.0
34.82.76.253,443,35.233.242.94,US,Seattle,隧道,71 ms,264 Mbps,33792 kB/s,33792.0
192.18.140.32,443,2603:c024:c001:187e:bf78:be6d:4:259b,US,San Jose,隧道,88 ms,260 Mbps,33280 kB/s,33280.0
150.230.42.80,443,104.28.201.73,US,San Jose,隧道,74 ms,259 Mbps,33177 kB/s,33177.0
150.230.44.13,443,150.230.44.13,US,San Jose,中转,92 ms,239 Mbps,30617 kB/s,30617.0
143.47.238.228,443,2606:f240:f00:b2ed:0:7c46:2dab:961e,US,Frankfurt,隧道,94 ms,239 Mbps,30617 kB/s,30617.0
44.224.24.91,443,44.224.24.91,US,,中转,89 ms,238 Mbps,30515 kB/s,30515.0
129.159.204.127,443,2606:f240:f00:83a7:0:d008:7861:c040,US,Frankfurt,隧道,96 ms,237 Mbps,30412 kB/s,30412.0
204.110.220.3,443,204.110.220.206,US,,隧道,88 ms,229 Mbps,29388 kB/s,29388.0
54.203.85.46,443,204.110.220.255,US,,隧道,86 ms,225 Mbps,28876 kB/s,28876.0
150.230.116.250,443,2606:f240:f00:83a7:0:2c4a:d10a:671a,US,Frankfurt,隧道,95 ms,215 Mbps,27545 kB/s,27545.0
144.21.54.140,443,2606:f240:f00:b2ed:0:ac00:cf80:2503,US,Frankfurt,隧道,95 ms,213 Mbps,27340 kB/s,27340.0
141.144.194.75,443,2606:f240:f00:83a7:0:27d3:24bc:2bf6,US,Frankfurt,隧道,89 ms,212 Mbps,27238 kB/s,27238.0
18.236.13.188,443,204.110.220.101,US,,隧道,86 ms,194 Mbps,24883 kB/s,24883.0
158.101.223.153,443,2606:f240:f00:83a7:0:cc4c:3133:56ac,US,Newark,隧道,103 ms,192 Mbps,24576 kB/s,24576.0
152.67.132.67,443,2606:f240:f00:b2ed:0:ccf4:808b:17d9,US,Frankfurt,隧道,91 ms,167 Mbps,21401 kB/s,21401.0
141.147.75.96,443,2606:f240:f00:83a7:0:8841:ee7f:dbab,US,Frankfurt,隧道,97 ms,153 Mbps,19660 kB/s,19660.0
129.146.248.140,443,129.146.248.140,US,Los Angeles,中转,64 ms,148 Mbps,18944 kB/s,18944.0
141.147.115.77,443,2606:f240:f00:2be4:0:d150:426a:b815,US,Frankfurt,隧道,106 ms,140 Mbps,17920 kB/s,17920.0
193.122.6.99,443,2606:f240:f00:2be4:0:fb70:3b8e:adbb,US,Frankfurt,隧道,101 ms,137 Mbps,17612 kB/s,17612.0
132.226.214.198,443,2606:f240:f00:a683:0:41b8:869d:ced3,US,Frankfurt,隧道,96 ms,133 Mbps,17100 kB/s,17100.0
138.2.172.70,443,2606:f240:f00:6acf:0:225d:7758:ed17,US,Frankfurt,隧道,100 ms,132 Mbps,16896 kB/s,16896.0
141.147.47.26,443,2606:f240:f00:a683:0:f20d:98d5:17d2,US,Amsterdam,隧道,93 ms,130 Mbps,16691 kB/s,16691.0
138.2.179.122,443,2606:f240:f00:46c4:0:8272:599a:f7cb,US,Newark,隧道,90 ms,130 Mbps,16691 kB/s,16691.0
130.162.189.90,443,2606:f240:f00:a683:0:5cb9:2ef0:b4ea,US,Frankfurt,隧道,91 ms,116 Mbps,14950 kB/s,14950.0
150.230.122.179,443,2606:f240:f00:b2ed:0:7627:c4e4:6f6,US,Frankfurt,隧道,96 ms,110 Mbps,14131 kB/s,14131.0
141.148.244.243,443,2606:f240:f00:6acf:0:8da2:a87f:2ecc,US,Newark,隧道,182 ms,97 Mbps,12492 kB/s,12492.0
129.213.136.180,443,129.213.136.180,US,Ashburn,中转,72 ms,75 Mbps,9718 kB/s,9718.0
146.56.152.52,443,128.14.104.155,US,Singapore,隧道,253 ms,60 Mbps,7681 kB/s,7681.0
198.46.193.167,443,198.46.193.167,US,Dallas,中转,42 ms,56 Mbps,7222 kB/s,7222.0
64.110.83.47,443,128.14.104.155,US,Singapore,隧道,250 ms,54 Mbps,6962 kB/s,6962.0
146.56.103.134,443,128.14.110.204,US,Singapore,隧道,245 ms,52 Mbps,6774 kB/s,6774.0
146.56.134.252,443,128.14.110.206,US,Singapore,隧道,246 ms,50 Mbps,6509 kB/s,6509.0
150.230.47.3,443,150.230.47.3,US,San Jose,中转,69 ms,48 Mbps,6218 kB/s,6218.0
129.153.119.97,443,129.153.119.97,US,Los Angeles,中转,73 ms,48 Mbps,6194 kB/s,6194.0
129.146.254.39,443,2603:c020:9:e483:690:2c88:ed7a:3091,US,Los Angeles,隧道,61 ms,47 Mbps,6029 kB/s,6029.0
155.248.196.123,443,155.248.196.123,US,Vancouver,中转,69 ms,46 Mbps,6012 kB/s,6012.0
152.70.112.158,443,152.70.112.158,US,San Jose,中转,69 ms,44 Mbps,5633 kB/s,5633.0
132.226.31.178,443,2a09:bac5:60ee:1846::26b:22,US,Los Angeles,隧道,65 ms,39 Mbps,5069 kB/s,5069.0
8.219.68.162,443,2001:470:35:b48::2,US,Singapore,隧道,240 ms,28 Mbps,3695 kB/s,3695.0
152.70.119.237,443,2a09:bac5:6443:28::4:243,US,San Jose,隧道,69 ms,28 Mbps,3692 kB/s,3692.0
155.248.202.141,443,155.248.202.141,US,San Jose,中转,69 ms,12 Mbps,1558 kB/s,1558.0
44.230.218.23,443,52.35.136.129,US,,隧道,87 ms,10 Mbps,1354 kB/s,1354.0
129.159.84.71,443,129.159.84.71,US,Ashburn,中转,87 ms,6 Mbps,849 kB/s,849.0
132.145.11.151,443,2606:f240:f00:5a42:0:ea34:76be:b4f8,US,Frankfurt,隧道,95 ms,5 Mbps,683 kB/s,683.0
152.70.48.241,443,2606:f240:f00:5a42:0:6a49:53da:3bbe,US,Frankfurt,隧道,92 ms,5 Mbps,655 kB/s,655.0
149.129.8.215,443,47.254.26.25,US,San Jose,隧道,215 ms,3 Mbps,464 kB/s,464.0
47.254.65.110,443,47.254.65.110,US,San Jose,中转,66 ms,0 Mbps,32 kB/s,32.0
